{
    "ADCW": "5/4-大十字",
    "APW": "4/3-單體最近\n攻擊附帶麻痺",
    "TANKW": "15/1-小十字",
    "HFW": "9/2-九宮格",
    "LFW": "7/3-小十字",
    "ASSW": "2/5-斜十字",
    "APTW": "8/2-單體最近\n攻擊為自己及最近友方\n附加兩點護盾",
    "SPW": "1/5-單體最遠\n每回合額外多得一分",

    "ADCR": "4/1-大十字\n造成傷害後+1攻擊力",
    "APR": "3/2-單體最近\n攻擊附帶麻痺並偷取敵方\n100%攻擊力",
    "TANKR": "9/1-小十字\n承受傷害後為最近隊友\n附加2點護盾",
    "HFR": "9/1-九宮格\n每次造成傷害則減少1點血\n且獲得1點攻擊\n且此傷害不會直接使紅重裝死亡\n而是延遲至回合結束(其不會獲得分數)",
    "LFR": "5/2-小十字\n造成傷害後+1/+1",
    "ASSR": "2/4-斜十字\n斬殺敵人後為最近隊友攻擊力+2",
    "APTR": "6/2-單體最近\n攻擊給自己及最近隊友+1/+1",
    "SPR": "1/2-單體最遠\n所有紅色系所獲得的增益都會\n疊加在他身上",

    "ADCG": "3/3-大十字\n攻擊後會在攻擊範圍內50%生成\n幸運寶箱",
    "APG": "3/2-單體最近\n攻擊附帶麻痺和依敵方幸運值\n隨機壞運效果並依己方的幸運值獲得\n隨機好運效果或無",
    "TANKG": "10/1-小十字\n承受傷害後依敵方幸運值\n附加壞運效果或無",
    "HFG": "8/1-九宮格\n破壞幸運方塊會增加5%運氣值\n並在隨機位置放一個幸運方塊",
    "LFG": "6/2:小十字\n破壞幸運方塊便對最近敵方單位\n造成4點傷害且有25%返還刀",
    "ASSG": "2/4-斜十字\n斬殺後獲得5%運氣值且\n敵方運氣值減少5%",
    "APTG": "6/0-單體最近\n攻擊後會將小十字內的空格\n放上幸運方塊\n已方每放置方塊獲得1點護盾",
    "SPG": "?/?-單體最遠\n運氣值增加10%\n隨機位置放置\n(每多出10幸運值)個幸運方塊\n(血量絕對不是1,攻擊絕對不是5)",

    "ADCB": "4/2-大十字\n利用藍球抽牌後會自動攻擊\n若當下為麻痹效果則解除麻痹但不攻擊\n造成傷害後獲得1點藍球",
    "APB": "4/2-單體最近\n攻擊附帶麻痺並獲得兩顆藍球",
    "TANKB": "10/1-小十字\n承受傷害後會獲得一顆藍球",
    "HFB": "8/2-九宮格\n攻擊以現有藍球造成額外傷害",
    "LFB": "6/3:小十字\n造成傷害會獲得一顆藍球",
    "ASSB": "2/4-斜十字\n斬殺後獲得兩顆藍球",
    "APTB": "5/3-單體最近\n獲得藍球時會獲得1護盾\n攻擊時每4點護盾獲得1顆藍球",
    "SPB": "1/5-單體最遠\n放置時對隨機敵人造成一點傷害\n重複(我方棄牌堆+我方場上堆)次",

    "ADCO": "4/2-大十字\n攻擊後可移動,移動後會自動攻擊",
    "APO": "3/2-單體最近\n攻擊附帶麻痺\n回合開始會獲得一個本回合可使用的\n移動魔法牌",
    "TANKO": "10/1-小十字\n承受傷害後會獲得一個本回合可\n使用的移動魔法牌",
    "HFO": "9/1-九宮格\n攻擊後可移動並獲得+1攻擊力\n回合結束會消失",
    "LFO": "6/3-小十字\n攻擊後可移動並對單體最近再次\n造成傷害",
    "ASSO": "2/3-斜十字\n斬殺後可移動\n移動會進入狂暴\n狂暴狀態下斬殺會返回刀並解除狀態",
    "APTO": "6/0-單體最近\n隊友移動後為自己及移動友方\n附加一點護盾\n自身移動則護盾以2比1轉為攻擊力",
    "SPO": "1/5-單體最遠\n隊友移動後對單體最遠造成\n3點傷害",

    "ADCDKG": "4/1-大十字\n攻擊時額外造成圖騰的1/4的傷害",
    "APDKG": "3/3-單體最近\n攻擊刻印5層",
    "TANKDKG": "9/1-小十字\n受到傷害刻印2",
    "HFDKG": "8/2-九宮格\n我方回合開始後受到2傷害\n並刻印2\n造成傷害則恢復1點血",
    "LFDKG": "6/3:小十字\n置時對攻擊範圍內敵人造成\n圖騰的1/4傷害\n攻擊依範圍內每單位獲得1刻印",
    "ASSDKG": "2/4-斜十字\n斬殺後死亡 展殺每隻刻印4",
    "APTDKG": "6/0-單體最近\n攻擊時依序觸發:額外造成圖騰的\n1/2的傷害、獲得護盾量1/2的\n刻印層數、獲得造成傷害的1/2的護盾",
    "SPDKG": "1/5-單體最遠\n在場時 刻印數量翻倍",

    "ADCC": "4/1(6)-大十字\n造成傷害後打劫2$/+雙重打擊\n(+1+2)",
    "APC": "4/1(4)-單體最近\n放置時為最近敵方附上印記\n所有最近單體及最遠單體攻擊時\n皆會同時對其造成傷害\n/+對印記敵方造成傷害打劫3$\n(+1+2)",
    "TANKC": "9/1(4)-小十字\n被攻擊時獲得2$/+第一次攻擊\n不會受到傷害(也不會觸發敵方特性)\n(+2+0)",
    "HFC": "7/1(6)-九宮格\n造成傷害後打劫2$/死亡後會\n多留存一回合並+2攻擊力\n(+2+1)",
    "LFC": "5/2(4):小十字\n造成傷害後打劫2$\n/+回合開始時獲得隨機\n攻擊模式(+2+2)",
    "ASSC": "1/3(4)-斜十字\n斬殺後打劫5$/+第一次攻擊\n+2攻擊\n(+1+1)",
    "APTC": "2/1(6)-單體最近\n每5$使其受到傷害減1(最多三)\n/+回合開始時+4$\n(+5+1)",
    "SPC": "1/2(6)-單體最遠\n獲得10$/+在場的時候\n消耗的金幣減二\n(+1+3)",

    "ADCF": "4/2-大十字\n本體攻擊則影子也會攻擊",
    "APF": "4/1-單體最近\n對格子內的敵人持續附加麻痺效果",
    "TANKF": "11/1-小十字\n影子位置不可放置單位",
    "HFF": "8/1-九宮格\n本體攻擊則影子也會攻擊",
    "LFF": "6/2:小十字\n攻擊到敵人時\n已影子為中心對單體最近敵人造成傷害\n若本體與影子對同單位造成傷害\n則再對其造成一次傷害",
    "ASSF": "2/3-斜十字\n斬殺則在死亡的敵人位置放置\n不移動的影子\n本體攻擊影子也會攻擊",
    "APTF": "5/3-單體最近\n影子上友方減少50%受到的傷害\n並將其轉移為護盾並附加在自己身上",
    "SPF": "1/5-單體最遠\n上場時生成最遠友方的影子的複製\n(該影子不可移動)",

    "ADCP": "",
    "APP": "3/1-單體最近\n攻擊附帶麻痺、破甲並將\n攻擊力降為該單位原本的攻擊力",
    "TANKP": "9/1-小十字\n敵人移動後損失2點生命值\n(不被麻痹效果所無效化)",
    "HFP": "8/1-九宮格\n當自己回合開始時計算所有在他攻擊\n範圍內的敵方單位(不包含中立單位)\n並增加(該數值/3)的攻擊次數",
    "LFP": "",
    "ASSP": "2/3-斜十字\n斬殺後抽(敵方場上堆-我方場上堆-3)\n張牌斬殺單之單位",
    "APTP": "",
    "SPP": "",

    "MOVE": "移動到九宮格內位置( M )",
    "MOVEO": "移動到九宮格位置\n此牌會在回合結束消失( M )",
    "HEAL": "恢復6點血量\n溢出則以2比1兌換為護盾( H )",
    "CUBES": "放置兩個中立的箱子( P )",
    "CUBE": "中立的箱子",
    "LUCKYBLOCK": "會依照幸運值給予好運或壞運效果"
}