{
    "White": {
        "CUBE": {
            "health": 4,
            "damage": 0
        },
        "ADC": {
            "health": 5,
            "damage": 4
        },
        "AP": {
            "health": 4,
            "damage": 3
        },
        "TANK": {
            "health": 15,
            "damage": 1
        },
        "HF": {
            "health": 9,
            "damage": 2
        },
        "LF": {
            "health": 7,
            "damage": 4
        },
        "ASS": {
            "health": 2,
            "damage": 5
        },
        "APT": {
            "health": 8,
            "damage": 2
        },
        "SP": {
            "health": 1,
            "damage": 5,
            "extra_score": 1
        }
    },
    "Red": {
        "ADC": {
            "health": 4,
            "damage": 2,
            "damage_increase": 1
        },
        "AP": {
            "health": 3,
            "damage": 2,
            "attack_steal_rate": 100
        },
        "TANK": {
            "health": 9,
            "damage": 1,
            "armor_increase": 2
        },
        "HF": {
            "health": 8,
            "damage": 1,
            "health_decrease": 1,
            "damage_increase": 1
        },
        "LF": {
            "health": 6,
            "damage": 2,
            "damage_increase": 1,
            "armor_increase": 1
        },
        "ASS": {
            "health": 2,
            "damage": 4,
            "damage_increase": 2
        },
        "APT": {
            "health": 6,
            "damage": 2,
            "damage_increase": 1,
            "armor_increase": 1
        },
        "SP": {
            "health": 1,
            "damage": 5
        }
    },
    "Green": {
        "LUCKYBLOCK": {
            "health": 1,
            "damage": 0
        },
        "ADC": {
            "health": 3,
            "damage": 3,
            "chance_to_spawn_luckyblock": 50
        },
        "AP": {
            "health": 3,
            "damage": 2
        },
        "TANK": {
            "health": 9,
            "damage": 1
        },
        "HF": {
            "health": 8,
            "damage": 1,
            "luck_increase": 5
        },
        "LF": {
            "health": 6,
            "damage": 3,
            "damage_from_killed_luckyblock": 4,
            "chance_to_get_attack_count_increase": 25,
            "number_of_attack_increase_from_killed_luckyblock": 1
        },
        "ASS": {
            "health": 2,
            "damage": 4,
            "luck_increase": 5,
            "luck_decrease": 5
        },
        "APT": {
            "health": 5,
            "damage": 0,
            "luck_increase": 1
        },
        "SP": {
            "health": 1,
            "damage": 5,
            "luck_increase": 10,
            "spawn_luckyblock_requires_minimum_luck": 50
        }
    },
    "Blue": {
        "ADC": {
            "health": 4,
            "damage": 2,
            "token_gets": 2
        },
        "AP": {
            "health": 4,
            "damage": 2,
            "token_gets": 2
        },
        "TANK": {
            "health": 10,
            "damage": 1,
            "token_gets": 1
        },
        "HF": {
            "health": 8,
            "damage": 2
        },
        "LF": {
            "health": 7,
            "damage": 3,
            "token_gets": 1
        },
        "ASS": {
            "health": 2,
            "damage": 4,
            "token_gets": 2
        },
        "APT": {
            "health": 5,
            "damage": 3,
            "token_from_armor_divisor": 3
        },
        "SP": {
            "health": 1,
            "damage": 5,
            "spawn_damage": 1
        }
    },
    "Orange": {
        "ADC": {
            "health": 4,
            "damage": 2
        },
        "AP": {
            "health": 3,
            "damage": 2
        },
        "TANK": {
            "health": 10,
            "damage": 1
        },
        "HF": {
            "health": 9,
            "damage": 1,
            "extra_damage_from_moving": 1
        },
        "LF": {
            "health": 6,
            "damage": 3,
            "extra_damage_from_moving": 1
        },
        "ASS": {
            "health": 2,
            "damage": 3,
            "number_of_attack_increase_from_killed": 1
        },
        "APT": {
            "health": 6,
            "damage": 0,
            "armor_get_from_moving": 1
        },
        "SP": {
            "health": 1,
            "damage": 5,
            "movement_damage": 3
        }
    },
    "DarkGreen": {
        "ADC": {
            "health": 4,
            "damage": 2,
            "damage_divisor": 4
        },
        "AP": {
            "health": 3,
            "damage": 3,
            "engraved_totem": 5
        },
        "TANK": {
            "health": 9,
            "damage": 1,
            "engraved_totem": 2
        },
        "HF": {
            "health": 8,
            "damage": 2,
            "engraved_totem": 2
        },
        "LF": {
            "health": 6,
            "damage": 3,
            "engraved_totem": 1
        },
        "ASS": {
            "health": 2,
            "damage": 4,
            "engraved_totem": 7
        },
        "APT": {
            "health": 6,
            "damage": 0
        },
        "SP": {
            "health": 1,
            "damage": 5,
            "engraved_totem_coefficient": 2
        }
    },
    "Cyan": {
        "ADC": {
            "health": 4,
            "damage": 1,
            "cost": 6,
            "upgrade_health": 5,
            "upgrade_damage": 3,
            "coin_gets": 2
        },
        "AP": {
            "health": 4,
            "damage": 1,
            "cost": 4,
            "upgrade_health": 5,
            "upgrade_damage": 3,
            "coin_gets": 3
        },
        "TANK": {
            "health": 9,
            "damage": 1,
            "cost": 4,
            "upgrade_health": 11,
            "upgrade_damage": 1,
            "coin_gets": 2
        },
        "HF": {
            "health": 7,
            "damage": 1,
            "cost": 6,
            "upgrade_health": 9,
            "upgrade_damage": 2,
            "coin_gets": 2,
            "damage_bonus": 2
        },
        "LF": {
            "health": 5,
            "damage": 2,
            "cost": 4,
            "upgrade_health": 7,
            "upgrade_damage": 4,
            "coin_gets": 2
        },
        "ASS": {
            "health": 1,
            "damage": 3,
            "cost": 4,
            "upgrade_health": 2,
            "upgrade_damage": 4,
            "coin_gets": 5,
            "damage_bonus": 2
        },
        "APT": {
            "health": 2,
            "damage": 1,
            "cost": 6,
            "upgrade_health": 7,
            "upgrade_damage": 2,
            "coin_gets": 4,
            "coin_per_damage_resistance": 5,
            "maximum_damage_resistance": 3
        },
        "SP": {
            "health": 1,
            "damage": 2,
            "cost": 6,
            "upgrade_health": 2,
            "upgrade_damage": 5,
            "coin_gets": 10,
            "coin_reduced": 2
        }
    },
    "Fuchsia": {
        "ADC": {
            "health": 4,
            "damage": 2
        },
        "AP": {
            "health": 4,
            "damage": 1
        },
        "TANK": {
            "health": 10,
            "damage": 1
        },
        "HF": {
            "health": 8,
            "damage": 1
        },
        "LF": {
            "health": 6,
            "damage": 2
        },
        "ASS": {
            "health": 2,
            "damage": 3
        },
        "APT": {
            "health": 5,
            "damage": 3,
            "damage_divisor": 2
        },
        "SP": {
            "health": 1,
            "damage": 5
        }
    },
    "Purple": {
        "ADC": {
            "health": 0,
            "damage": 0
        },
        "AP": {
            "health": 3,
            "damage": 1
        },
        "TANK": {
            "health": 9,
            "damage": 1,
            "movement_damage": 2
        },
        "HF": {
            "health": 8,
            "damage": 1
        },
        "LF": {
            "health": 0,
            "damage": 0
        },
        "ASS": {
            "health": 2,
            "damage": 3,
            "unit_gap": 3,
            "maximum_card_draw_from_killed": 12
        },
        "APT": {
            "health": 0,
            "damage": 0
        },
        "SP": {
            "health": 0,
            "damage": 0
        }
    }
}