{
    "ADCW":"5/4-大十字", 
    "APW":"4/3-單體最近\n攻擊附帶麻痺",
    "TANKW":"15/1-小十字",
    "HFW":"9/2-九宮格", 
    "LFW":"7/3-小十字", 
    "APTW":"8/2-單體最近\n攻擊為自己及最近友方\n附加兩點護盾", 
    "SPW":"1/5-單體最遠\n每回合額外多得一分", 
    "ASSW":"2/5-斜十字",
    "ADCR":"4/1-大十字\n造成傷害後+1攻擊力", 
    "APR":"3/2-單體最近\n攻擊附帶麻痺並偷取敵方\n一半攻擊力",
    "TANKR":"9/1-小十字\n承受傷害後為最近隊友\n附加n點護盾",
    "HFR":"9/1-九宮格\n紅重裝效果改為每次造成傷害\n則減少1點血且獲得1點攻擊\n且此傷害不會直接使紅重裝死亡\n而是延遲至回合結束(其不會獲得分數)", 
    "LFR":"5/2-小十字\n造成傷害後+1/+1", 
    "APTR":"6/2-單體最近\n攻擊給自己及最近隊友+1/+1", 
    "SPR":"1/2-單體最遠\n所有紅色系所獲得的增益都會\n疊加在他身上", 
    "ASSR":"2/4-斜十字\n斬殺敵人後為最近隊友攻擊力+2",
    "ADCB":"4/2-大十字\n利用藍球抽牌後會自動攻擊\n若當下為麻痹效果則解除麻痹但不攻擊\n斬殺後獲得1點藍球", 
    "APB":"4/2-單體最近\n攻擊附帶麻痺並獲得兩顆藍球",
    "TANKB":"10/1-小十字\n承受傷害後會獲得一顆藍球",
    "HFB":"8/2-九宮格\n攻擊以現有藍球造成額外傷害", 
    "LFB":"6/3:小十字\n造成傷害會獲得一顆藍球", 
    "APTB":"5/3-單體最近\n獲得藍球時會獲得1護盾\n攻擊時每4點護盾獲得1顆藍球", 
    "SPB":"1/5-單體最遠\n放置時對隨機敵人造成一點傷害\n重複(我方棄牌堆+我方場上堆)次", 
    "ASSB":"2/4-斜十字\n斬殺後獲得兩顆藍球",
    "ADCG":"3/3-大十字\n攻擊後會在攻擊範圍內50%生成\n幸運寶箱", 
    "APG":"3/2-單體最近\n攻擊附帶麻痺和依幸運值\n隨機壞運效果並依幸運值獲得\n隨機好運效果或無",
    "TANKG":"10/1-小十字\n承受傷害後為敵方附加\n壞運效果或無",
    "HFG":"8/1-九宮格\n破壞方塊會增加5%運氣值並隨機位置\n放一個幸運方塊", 
    "LFG":"6/2:小十字\n破壞幸運方塊後50%返還刀", 
    "APTG":"6/0-單體最近\n攻擊後會將小十字內的空格\n放上幸運方塊\n自己每放置方塊獲得1點護盾", 
    "SPG":"?/?-單體最遠\n運氣值永久增加10%隨機位置放置\n(每十個幸運值(需大於五十))\n個幸運方塊\n(血量絕對不是1,攻擊絕對不是5)", 
    "ASSG":"2/4-斜十字\n斬殺後獲得5%運氣值且\n敵方運氣值減少5%",
    "ADCO":"5/2-大十字\n攻擊後可移動,該移動後會自動攻擊", 
    "APO":"3/2-單體最近\n攻擊附帶麻痺\n回合開始會獲得一個本回合可使用的\n移動魔法牌",
    "TANKO":"10/1-小十字\n承受傷害後會獲得一個本回合可\n使用的移動魔法牌",
    "HFO":"9/1-九宮格\n攻擊後可移動並獲得+1攻擊力\n回合結束會消失", 
    "LFO":"6/3-小十字\n攻擊後可移動並對單體最近再次\n造成傷害", 
    "APTO":"6/0-單體最近\n隊友移動後為自己及移動友方\n附加一點護盾 自身移動則自己加一點護盾(先)\n自身移動後護盾以2比1轉為攻擊力(後)", 
    "SPO":"1/5-單體最遠\n隊友移動後對單體最遠造成\n3點傷害", 
    "ASSO":"2/4-斜十字\n斬殺後可移動並進入狂暴\n狂暴狀態下斬殺會返回刀並解除狀態",
    "ADCDKG":"5/1-大十字\n攻擊時額外造成圖騰的攻擊力的\n1/3的傷害", 
    "APDKG":"3/3-單體最近\n攻擊刻印5層",
    "TANKDKG":"9/1-小十字\n受到傷害刻印2 ",
    "HFDKG":"8/2-九宮格\n取造成的傷害量的血量\n回合開始時扣2刻印2", 
    "LFDKG":"6/3:小十字\n置時對攻擊範圍內敵人造成\n圖騰血量1/4傷害 攻擊依範圍內每單位獲得2刻印", 
    "APTDKG":"6/0-單體最近\n攻擊時依序觸發:額外造成圖騰的攻擊力的\n1/2的傷害、獲得護盾量1/2的刻印層數、\n獲得造成傷害的1/2的護盾", 
    "SPDKG":"1/5-單體最遠\n將圖騰數值轉移到其身上\n死亡時 刻印(攻擊力)量", 
    "ASSDKG":"2/4-斜十字\n斬殺後死亡 刻印6",
    "ADCP":"", 
    "APP":"3/1-單體最近\n攻擊附帶麻痺、破盾並將\n攻擊力降為該單位原本的攻擊力",
    "TANKP":"9/1-小十字\n敵人移動後損失2點生命值\n(不被麻痹效果所無效化)",
    "HFP":"8/1-九宮格\n當自己回合開始時計算所有在他攻擊範圍內的\n敵方單位(不包含中立單位)\n並增加(該數值/3)的攻擊次數", 
    "LFP":"", 
    "APTP":"", 
    "SPP":"", 
    "ASSP":"2/3-斜十字\n斬殺後抽(敵方場上堆-我方場上堆)\n張牌斬殺單之單位最多抽2張",
    "MOVE":"移動到九宮格內位置( M )",
    "MOVEO":"移動到九宮格位置\n此牌會在回合結束消失( M )",
    "HEAL":"恢復5點血量\n溢出則以2比1兌換為護盾( H )",
    "CUBES":"放置兩個中立的箱子( P )",
    "CUBE":"中立的箱子",
    "LUCKYBLOCK":"會依照你的幸運值給予好運或壞運"
}